slice_id,10Percentile,90Percentile,Energy,Entropy,InterquartileRange,Kurtosis,Maximum,MeanAbsoluteDeviation,Mean,Median,Minimum,Range,RobustMeanAbsoluteDeviation,RootMeanSquared,Skewness,TotalEnergy,Uniformity,Variance,Autocorrelation,ClusterProminence,ClusterShade,ClusterTendency,Contrast,Correlation,DifferenceAverage,DifferenceEntropy,DifferenceVariance,Id,Idm,Idmn,Idn,Imc1,Imc2,InverseVariance,JointAverage,JointEnergy,JointEntropy,MCC,MaximumProbability,SumAverage,SumEntropy,SumSquares,GrayLevelNonUniformity,GrayLevelNonUniformityNormalized,GrayLevelVariance,HighGrayLevelRunEmphasis,LongRunEmphasis,LongRunHighGrayLevelEmphasis,LongRunLowGrayLevelEmphasis,LowGrayLevelRunEmphasis,RunEntropy,RunLengthNonUniformity,RunLengthNonUniformityNormalized,RunPercentage,RunVariance,ShortRunEmphasis,ShortRunHighGrayLevelEmphasis,ShortRunLowGrayLevelEmphasis,GrayLevelNonUniformity,GrayLevelNonUniformityNormalized,GrayLevelVariance,HighGrayLevelZoneEmphasis,LargeAreaEmphasis,LargeAreaHighGrayLevelEmphasis,LargeAreaLowGrayLevelEmphasis,LowGrayLevelZoneEmphasis,SizeZoneNonUniformity,SizeZoneNonUniformityNormalized,SmallAreaEmphasis,SmallAreaHighGrayLevelEmphasis,SmallAreaLowGrayLevelEmphasis,ZoneEntropy,ZonePercentage,ZoneVariance,label
01E392EE-69F9-4E33-BFCE-E5C968654078.jpeg,0.411764706,0.701960784,182976.6695,-3.20E-16,0.184313725,2.275868793,0.921568627,0.095618266,0.572244191,0.588235294,0.223529412,0.698039216,0.07354241,0.583258146,-0.363176037,182976.6695,1,0.012726651,1,0,0,0,0,1,0,-3.20E-16,0,1,1,1,1,0,0,0,1,1,-3.20E-16,1,1,2,-3.20E-16,0,7660.75,1,0,1,27361.85331,27361.85331,27361.85331,1,4.061669725,1827.15041,0.241150318,0.01424286,22385.99604,0.495354663,0.495354663,0.495354663,2,1,0,1,73567520989,73567520989,73567520989,1,1,0.5,1.46E-11,1.46E-11,1.46E-11,1,3.72E-06,1242562500,2
03BF7561-A9BA-4C3C-B8A0-D3E585F73F3C.jpeg,0.356862745,0.549019608,127624.8536,-3.20E-16,0.098039216,3.126357201,0.725490196,0.059436029,0.446037647,0.439215686,0.254901961,0.470588235,0.041696318,0.452266918,0.571806457,127624.8536,1,0.005595783,1,0,0,0,0,1,0,-3.20E-16,0,1,1,1,1,0,0,0,1,1,-3.20E-16,1,1,2,-3.20E-16,0,8348.75,1,0,1,31170.36171,31170.36171,31170.36171,1,4.109483462,1941.013842,0.237056153,0.013380608,25392.92784,0.485548646,0.485548646,0.485548646,2,1,0,1,99239978833,99239978833,99239978833,1,1,0.5,1.09E-11,1.09E-11,1.09E-11,1,3.21E-06,1913450049,2
1-s2.0-S0140673620303706-fx1_lrg.jpg,0.247624314,0.478163529,157978.6294,-3.20E-16,0.124656863,2.972131869,0.81990549,0.071877116,0.356921783,0.349585098,0.08372902,0.736176471,0.051082241,0.367901024,0.437000196,157978.6294,1,0.007958005,1,0,0,0,0,1,0,-3.20E-16,0,1,1,1,1,0,0,0,1,1,-3.20E-16,1,1,2,-3.20E-16,0,10132.5,1,0,1,70328.24886,70328.24886,70328.24886,1,4.316477221,2265.870304,0.227866869,0.00868121,56592.76486,0.483307732,0.483307732,0.483307732,2,1,0,1,3.43444E+11,3.43444E+11,3.43444E+11,1,1,0.5,3.01E-12,3.01E-12,3.01E-12,1,1.71E-06,2869316356,2
1-s2.0-S1684118220300608-main.pdf-001.jpg,0.305882353,0.6,21349.79274,-3.20E-16,0.149019608,2.970362666,0.788235294,0.091417637,0.454338238,0.458823529,0.054901961,0.733333333,0.063752207,0.468690381,-0.121504813,21349.79274,1,0.013247439,1,0,0,0,0,1,0,-3.20E-16,0,1,1,1,1,0,0,0,1,1,-3.20E-16,1,1,2,-3.20E-16,0,2897.5,1,0,1,5586.771865,5586.771865,5586.771865,1,3.7398135,672.9589563,0.234636664,0.029812738,4448.902395,0.486100906,0.486100906,0.486100906,2,1,0,1,2418340706,2418340706,2418340706,1,1,0.5,4.55E-10,4.55E-10,4.55E-10,1,2.06E-05,56866681,2
1-s2.0-S1684118220300608-main.pdf-002.jpg,0.239215686,0.541176471,13591.198,-3.20E-16,0.145098039,2.655077939,0.701960784,0.088319721,0.386863595,0.384313725,0.074509804,0.62745098,0.062137178,0.402310735,0.152069179,13591.198,1,0.012190486,1,0,0,0,0,1,0,-3.20E-16,0,1,1,1,1,0,0,0,1,1,-3.20E-16,1,1,2,-3.20E-16,0,2689.75,1,0,1,4621.520415,4621.520415,4621.520415,1,3.766404287,634.121599,0.23628178,0.032031511,3643.875115,0.490353516,0.490353516,0.490353516,2,1,0,1,1819479925,1819479925,1819479925,1,1,0.5,6.25E-10,6.25E-10,6.25E-10,1,2.38E-05,56655729,2
1-s2.0-S1684118220300682-main.pdf-002-a1.png,0.235294118,0.564705882,4566.848412,-3.20E-16,0.188235294,2.446758766,0.764705882,0.105151635,0.377922164,0.349019608,0.145098039,0.619607843,0.080336454,0.398030275,0.607174331,4566.848412,1,0.015602938,1,0,0,0,0,1,0,-3.20E-16,0,1,1,1,1,0,0,0,1,1,-3.20E-16,1,1,2,-3.20E-16,0,432.5,1,0,1,6996.145349,6996.145349,6996.145349,1,6.349610203,8.034410092,0.017927456,0.015003816,1413.99096,0.027453121,0.027453121,0.027453121,2,1,0,1,210397993,210397993,210397993,1,1,0.5,5.00E-09,5.00E-09,5.00E-09,1,6.94E-05,2663424,2
1-s2.0-S1684118220300682-main.pdf-002-a2.png,0.243137255,0.603921569,8372.429712,-3.20E-16,0.215686275,2.038132663,0.725490196,0.114503636,0.419006074,0.411764706,0.109803922,0.615686275,0.088347984,0.440071346,0.024616551,8372.429712,1,0.018096699,1,0,0,0,0,1,0,-3.20E-16,0,1,1,1,1,0,0,0,1,1,-3.20E-16,1,1,2,-3.20E-16,0,599.5,1,0,1,9057.839743,9057.839743,9057.839743,1,6.601280532,8.637462833,0.014008587,0.013867043,2711.065045,0.045165988,0.045165988,0.045165988,2,1,0,1,471065665,471065665,471065665,1,1,0.5,2.19E-09,2.19E-09,2.19E-09,1,4.63E-05,3814209,2
1-s2.0-S1684118220300682-main.pdf-003-b1.png,0.258823529,0.662745098,9082.019208,-3.20E-16,0.22745098,2.465695053,0.909803922,0.126333649,0.440266428,0.415686275,0.145098039,0.764705882,0.093982637,0.465769287,0.520163844,9082.019208,1,0.023106501,1,0,0,0,0,1,0,-3.20E-16,0,1,1,1,1,0,0,0,1,1,-3.20E-16,1,1,2,-3.20E-16,0,576.25,1,0,1,9403.706438,9403.706438,9403.706438,1,6.673165757,7.946217916,0.013310292,0.01376481,2358.462652,0.028027899,0.028027899,0.028027899,2,1,0,1,439678793,439678793,439678793,1,1,0.5,2.31E-09,2.31E-09,2.31E-09,1,4.78E-05,1530169,2
1-s2.0-S1684118220300682-main.pdf-003-b2.png,0.254901961,0.682352941,7988.96875,-3.20E-16,0.243137255,2.294787329,0.894117647,0.133857811,0.463764282,0.458823529,0.098039216,0.796078431,0.099303664,0.491037863,0.157649079,7988.96875,1,0.026040873,1,0,0,0,0,1,0,-3.20E-16,0,1,1,1,1,0,0,0,1,1,-3.20E-16,1,1,2,-3.20E-16,0,499.75,1,0,1,7341.515918,7341.515918,7341.515918,1,6.417972879,7.966160463,0.016264744,0.01508315,1994.26865,0.045485474,0.045485474,0.045485474,2,1,0,1,275662224.5,275662224.5,275662224.5,1,1,0.5,3.69E-09,3.69E-09,3.69E-09,1,6.04E-05,1213302.25,2
1.CXRCTThoraximagesofCOVID-19fromSingapore.pdf-000-fig1a.png,0.11205098,0.59832549,20661.80517,-3.20E-16,0.282352941,2.31347116,1,0.151729553,0.366635922,0.378717647,0,1,0.114332875,0.409261104,-0.07702258,20661.80517,1,0.033072752,1,0,0,0,0,1,0,-3.20E-16,0,1,1,1,1,0,0,0,1,1,-3.20E-16,1,1,2,-3.20E-16,0,932.5,1,0,1,34124.93967,34124.93967,34124.93967,1,7.0422804,11.32125245,0.011457322,0.007559299,6358.880579,0.019752876,0.019752876,0.019752876,2,1,0,1,3829922885,3829922885,3829922885,1,1,0.5,2.68E-10,2.68E-10,2.68E-10,1,1.62E-05,25623844,2
1.CXRCTThoraximagesofCOVID-19fromSingapore.pdf-000-fig1b.png,0.115972549,0.653227451,26382.78579,-3.20E-16,0.294117647,2.235843801,0.872835294,0.165155618,0.406210453,0.429698039,0.00113098,0.871704314,0.12273784,0.452306484,-0.209057947,26382.78579,1,0.039574223,1,0,0,0,0,1,0,-3.20E-16,0,1,1,1,1,0,0,0,1,1,-3.20E-16,1,1,2,-3.20E-16,0,940,1,0,1,36074.32851,36074.32851,36074.32851,1,7.020624531,11.28553568,0.011835291,0.007289082,6961.730137,0.015895288,0.015895288,0.015895288,2,1,0,1,4183436176,4183436176,4183436176,1,1,0.5,2.45E-10,2.45E-10,2.45E-10,1,1.55E-05,25765776,2
1.CXRCTThoraximagesofCOVID-19fromSingapore.pdf-001-fig2a.png,0.245384314,0.637541176,23241.76466,-3.20E-16,0.231372549,2.560557932,0.943423529,0.124701642,0.441507521,0.441462745,0.139501961,0.803921569,0.09392486,0.466433751,0.339373584,23241.76466,1,0.022631553,1,0,0,0,0,1,0,-3.20E-16,0,1,1,1,1,0,0,0,1,1,-3.20E-16,1,1,2,-3.20E-16,0,872.25,1,0,1,28726.83786,28726.83786,28726.83786,1,7.053632277,10.16674459,0.011150966,0.008164918,6310.635896,0.01422515,0.01422515,0.01422515,2,1,0,1,2909501401,2909501401,2909501401,1,1,0.5,3.72E-10,3.72E-10,3.72E-10,1,1.87E-05,56392590.25,2
1.CXRCTThoraximagesofCOVID-19fromSingapore.pdf-001-fig2b.png,0.174796078,0.57087451,12899.52042,-3.20E-16,0.231372549,2.432028784,1,0.123713156,0.357155167,0.339501961,0,1,0.094883239,0.386266195,0.396509168,12899.52042,1,0.02164176,1,0,0,0,0,1,0,-3.20E-16,0,1,1,1,1,0,0,0,1,1,-3.20E-16,1,1,2,-3.20E-16,0,777.5,1,0,1,22279.05684,22279.05684,22279.05684,1,6.935595076,10.03365709,0.012407621,0.00899291,4830.372703,0.015399476,0.015399476,0.015399476,2,1,0,1,1914759795,1914759795,1914759795,1,1,0.5,5.76E-10,5.76E-10,5.76E-10,1,2.31E-05,46056582.25,2
1.CXRCTThoraximagesofCOVID-19fromSingapore.pdf-002-fig3a.png,0.072835294,0.664992157,17986.71972,-3.20E-16,0.301960784,2.902030412,1,0.180032885,0.363324016,0.343423529,0.00113098,0.99886902,0.127844996,0.42715548,0.53391479,17986.71972,1,0.050457463,1,0,0,0,0,1,0,-3.20E-16,0,1,1,1,1,0,0,0,1,1,-3.20E-16,1,1,2,-3.20E-16,0,899.75,1,0,1,21704.20726,21704.20726,21704.20726,1,7.114135764,10.78648089,0.011577015,0.00912729,6338.721406,0.033423716,0.033423716,0.033423716,2,1,0,1,2437150610,2437150610,2437150610,1,1,0.5,4.16E-10,4.16E-10,4.16E-10,1,2.03E-05,7745089,2
1.CXRCTThoraximagesofCOVID-19fromSingapore.pdf-002-fig3b.png,0.159109804,0.65714902,20194.617,-3.20E-16,0.294117647,2.25082413,0.915161961,0.156375731,0.398990877,0.390482353,0.00113098,0.91403098,0.118200283,0.4407592,0.211552468,20194.617,1,0.035074952,1,0,0,0,0,1,0,-3.20E-16,0,1,1,1,1,0,0,0,1,1,-3.20E-16,1,1,2,-3.20E-16,0,944.5,1,0,1,22842.42753,22842.42753,22842.42753,1,7.06278877,10.92824956,0.011217901,0.009085924,6323.742783,0.030041536,0.030041536,0.030041536,2,1,0,1,2722407760,2722407760,2722407760,1,1,0.5,3.79E-10,3.79E-10,3.79E-10,1,1.92E-05,20903184,2
1.CXRCTThoraximagesofCOVID-19fromSingapore.pdf-003-fig4a.png,0.214011765,0.633619608,24910.58509,-3.20E-16,0.250980392,2.299799822,0.864992157,0.135171432,0.420210435,0.414011765,0.088521569,0.776470588,0.10302289,0.449728149,0.300870349,24910.58509,1,0.025678599,1,0,0,0,0,1,0,-3.20E-16,0,1,1,1,1,0,0,0,1,1,-3.20E-16,1,1,2,-3.20E-16,0,944.75,1,0,1,29608.5748,29608.5748,29608.5748,1,7.167801357,10.55148293,0.010892792,0.007670667,7376.76405,0.031216514,0.031216514,0.031216514,2,1,0,1,3837729893,3837729893,3837729893,1,1,0.5,2.73E-10,2.73E-10,2.73E-10,1,1.62E-05,45387169,2
1.CXRCTThoraximagesofCOVID-19fromSingapore.pdf-003-fig4b.png,0.186560784,0.735580392,32618.44748,-3.20E-16,0.341176471,1.980379064,0.955188235,0.177054288,0.456406747,0.445384314,0.021854902,0.933333333,0.138280794,0.500694668,0.112639814,32618.44748,1,0.042388032,1,0,0,0,0,1,0,-3.20E-16,0,1,1,1,1,0,0,0,1,1,-3.20E-16,1,1,2,-3.20E-16,0,1046.75,1,0,1,28377.06173,28377.06173,28377.06173,1,7.133557127,11.81891259,0.010865077,0.008044992,8714.106241,0.033692161,0.033692161,0.033692161,2,1,0,1,4374393377,4374393377,4374393377,1,1,0.5,2.61E-10,2.61E-10,2.61E-10,1,1.54E-05,142110241,2
1312A392-67A3-4EBF-9319-810CF6DA5EF6.jpeg,0.325490196,0.549019608,100150.8669,-3.20E-16,0.121568627,2.795269657,0.745098039,0.069413757,0.42982999,0.419607843,0.215686275,0.529411765,0.050517181,0.438218835,0.506594125,100150.8669,1,0.007281927,1,0,0,0,0,1,0,-3.20E-16,0,1,1,1,1,0,0,0,1,1,-3.20E-16,1,1,2,-3.20E-16,0,6790,1,0,1,30155.01088,30155.01088,30155.01088,1,4.110147663,1556.786635,0.233880555,0.013019585,24082.69654,0.4870561,0.4870561,0.4870561,2,1,0,1,69533723221,69533723221,69533723221,1,1,0.5,1.57E-11,1.57E-11,1.57E-11,1,3.83E-06,1537424100,2
23E99E2E-447C-46E5-8EB2-D35D12473C39.png,0.250980392,0.588235294,175627.4793,-3.20E-16,0.180392157,3.335962425,0.929411765,0.105501278,0.411832288,0.4,0.129411765,0.8,0.074141755,0.432746646,0.680180577,175627.4793,1,0.017663826,1,0,0,0,0,1,0,-3.20E-16,0,1,1,1,1,0,0,0,1,1,-3.20E-16,1,1,2,-3.20E-16,0,2408.75,1,0,1,259406.0613,259406.0613,259406.0613,1,8.10634951,19.74494561,0.008490383,0.002568424,44150.98609,0.005968523,0.005968523,0.005968523,2,1,0,1,2.20245E+11,2.20245E+11,2.20245E+11,1,1,0.5,4.57E-12,4.57E-12,4.57E-12,1,2.13E-06,362750116,2
2966893D-5DDF-4B68-9E2B-4979D5956C8E.jpeg,0.431372549,0.709803922,171068.9869,-3.20E-16,0.152941176,2.32261793,0.807843137,0.086531073,0.576992246,0.588235294,0.270588235,0.537254902,0.064761278,0.586282081,-0.290315798,171068.9869,1,0.010806626,1,0,0,0,0,1,0,-3.20E-16,0,1,1,1,1,0,0,0,1,1,-3.20E-16,1,1,2,-3.20E-16,0,6907.75,1,0,1,27079.72365,27079.72365,27079.72365,1,4.128056004,1545.479133,0.226874194,0.013879652,21758.70202,0.475443023,0.475443023,0.475443023,2,1,0,1,61933093153,61933093153,61933093153,1,1,0.5,1.62E-11,1.62E-11,1.62E-11,1,4.02E-06,9507972.25,2
2C26F453-AF3B-4517-BB9E-802CF2179543.jpeg,0.211764706,0.466666667,73438.54286,-3.20E-16,0.129411765,3.130616674,0.721568627,0.079578911,0.324957609,0.309803922,0.094117647,0.62745098,0.056500432,0.339818049,0.761407517,73438.54286,1,0.009878859,1,0,0,0,0,1,0,-3.20E-16,0,1,1,1,1,0,0,0,1,1,-3.20E-16,1,1,2,-3.20E-16,0,7325,1,0,1,38488.44805,38488.44805,38488.44805,1,4.164636261,1663.279806,0.231567495,0.011517984,30654.30221,0.484763216,0.484763216,0.484763216,2,1,0,1,1.03579E+11,1.03579E+11,1.03579E+11,1,1,0.5,1.06E-11,1.06E-11,1.06E-11,1,3.14E-06,2467208241,2
31BA3780-2323-493F-8AED-62081B9C383B.jpeg,0.396078431,0.678431373,95845.60787,-3.20E-16,0.164705882,2.473328668,0.823529412,0.090226564,0.550612297,0.568627451,0.188235294,0.635294118,0.067656202,0.561093518,-0.412425802,95845.60787,1,0.011652034,1,0,0,0,0,1,0,-3.20E-16,0,1,1,1,1,0,0,0,1,1,-3.20E-16,1,1,2,-3.20E-16,0,4670.5,1,0,1,18960.61537,18960.61537,18960.61537,1,4.232128908,919.9769356,0.197894032,0.015341282,14637.00192,0.434825456,0.434825456,0.434825456,2,1,0,1,23248614996,23248614996,23248614996,1,1,0.5,4.36E-11,4.36E-11,4.36E-11,1,6.57E-06,77686596,2
353889E0-A1E8-4F9E-A0B8-F24F36BCFBFB.jpeg,85,156,50420997403,2.11848174,39,2.403336673,211,21.53590566,122.9983595,125,43,168,15.97862793,125.7609898,-0.292219337,50420997403,0.25486453,687.2301218,20.68257413,52.03415125,-2.817747816,4.586299733,0.056020398,0.975864896,0.056019294,0.310709161,0.052829073,0.971990537,0.971990463,0.999138149,0.993775646,-0.832149039,0.98508435,0.056018329,4.421538653,0.228668367,2.471601196,0.977253989,0.318819528,8.843077306,2.415572259,1.160580033,45870.63796,0.236972921,1.35006531,21.19291094,1870.047725,43398.29269,103.5807026,0.066935605,6.612516347,27509.94012,0.140032632,0.060712736,1585.589628,0.365317411,8.147724168,0.023370932,3875.105798,0.226257126,1.479917231,22.22502481,65468127.87,1374851486,3598325.425,0.065618354,3763.587727,0.219745882,0.467616842,10.35920403,0.030338147,5.434900699,0.005372319,65433480.01,2
41591_2020_819_Fig1_HTML.webp-day10.png,0.203921569,0.450980392,1903.892998,-3.20E-16,0.133333333,3.582401365,0.698039216,0.078804298,0.31468556,0.294117647,0.137254902,0.560784314,0.055494719,0.329952327,0.910019897,1903.892998,1,0.009841537,1,0,0,0,0,1,0,-3.20E-16,0,1,1,1,1,0,0,0,1,1,-3.20E-16,1,1,2,-3.20E-16,0,339.5,1,0,1,4764.809061,4764.809061,4764.809061,1,5.909549857,8.431335719,0.023573799,0.019413312,894.5993214,0.018993591,0.018993591,0.018993591,2,1,0,1,76809185,76809185,76809185,1,1,0.5,1.33E-08,1.33E-08,1.33E-08,1,0.000114364,351649,2
41591_2020_819_Fig1_HTML.webp-day5.png,0.22745098,0.619607843,3648.218559,-3.20E-16,0.211764706,2.828679679,0.882352941,0.119720348,0.402735238,0.37254902,0.149019608,0.733333333,0.088240472,0.428566285,0.672746364,3648.218559,1,0.021473389,1,0,0,0,0,1,0,-3.20E-16,0,1,1,1,1,0,0,0,1,1,-3.20E-16,1,1,2,-3.20E-16,0,394.75,1,0,1,4708.817836,4708.817836,4708.817836,1,6.054759595,8.795730239,0.021172613,0.019873634,1031.897461,0.022134249,0.022134249,0.022134249,2,1,0,1,98840354.5,98840354.5,98840354.5,1,1,0.5,1.02E-08,1.02E-08,1.02E-08,1,0.00010069,205662.25,2
53EC07C9-5CC6-4BE4-9B6F-D7B0D72AAA7E.jpeg,0.349019608,0.615686275,120257.5374,-3.20E-16,0.152941176,2.216969046,0.764705882,0.083412484,0.487711604,0.490196078,0.211764706,0.552941176,0.063050944,0.497758624,-0.113981382,120257.5374,1,0.009901039,1,0,0,0,0,1,0,-3.20E-16,0,1,1,1,1,0,0,0,1,1,-3.20E-16,1,1,2,-3.20E-16,0,6966.25,1,0,1,27083.74242,27083.74242,27083.74242,1,3.977997518,1586.929506,0.234232466,0.014352394,21803.00404,0.485586842,0.485586842,0.485586842,2,1,0,1,59413875112,59413875112,59413875112,1,1,0.5,1.74E-11,1.74E-11,1.74E-11,1,4.12E-06,517380516,2
58cb9263f16e94305c730685358e4e_jumbo.jpeg,66,141,2800510321,2.231796573,42,2.863084337,218,23.72961305,100.3365752,97,34,184,17.47786388,104.439565,0.592494024,2800510321,0.237155469,840.1944158,13.57422772,79.94734855,6.551081779,5.376946344,0.098555618,0.963997031,0.098551648,0.462333348,0.088587993,0.950724837,0.950724573,0.998483765,0.989049861,-0.754865846,0.981673015,0.098548175,3.500660267,0.198853042,2.741244737,0.968317658,0.291567265,7.001320533,2.642664242,1.36887549,5961.268345,0.200942375,2.00938745,16.81476787,202.3380479,2541.707363,24.43505563,0.108588061,6.761817879,2519.599739,0.083830477,0.11540012,122.8880383,0.247149749,5.253826243,0.024733359,233.974744,0.159709723,3.189788582,20.13720137,3727180.015,41204294.99,456246.7997,0.13993975,142.3610922,0.097174807,0.290369352,6.352030894,0.043014633,7.02045044,0.005705984,3696465.838,2
6b44464d-73a7-4cf3-bbb6-ffe7168300e3.annot.original.jpeg,0.324083529,0.633887451,158277.2061,-3.20E-16,0.176470588,2.304008253,0.818201176,0.096530661,0.485062505,0.488789412,0.194671765,0.623529412,0.072135631,0.498848903,-0.009364638,158277.2061,1,0.013564594,1,0,0,0,0,1,0,-3.20E-16,0,1,1,1,1,0,0,0,1,1,-3.20E-16,1,1,2,-3.20E-16,0,7384.75,1,0,1,40515.21891,40515.21891,40515.21891,1,4.051406552,1666.160409,0.233722367,0.011610621,32205.68768,0.475866042,0.475866042,0.475866042,2,1,0,1,1.01856E+11,1.01856E+11,1.01856E+11,1,1,0.5,1.01E-11,1.01E-11,1.01E-11,1,3.14E-06,721674496,2
6CB4EFC6-68FA-4CD5-940C-BEFA8DAFE9A7.jpeg,0.333333333,0.584313725,143428.0797,-3.20E-16,0.133333333,2.532052587,0.756862745,0.076300039,0.456264005,0.450980392,0.180392157,0.576470588,0.055700763,0.46579203,0.156766516,143428.0797,1,0.008785374,1,0,0,0,0,1,0,-3.20E-16,0,1,1,1,1,0,0,0,1,1,-3.20E-16,1,1,2,-3.20E-16,0,7198.5,1,0,1,40161.34226,40161.34226,40161.34226,1,4.203745178,1625.604366,0.229171309,0.010889099,31630.16828,0.485123818,0.485123818,0.485123818,2,1,0,1,1.09325E+11,1.09325E+11,1.09325E+11,1,1,0.5,9.17E-12,9.17E-12,9.17E-12,1,3.03E-06,70157376,2
7AF6C1AF-D249-4BD2-8C26-449304105D03.jpeg,0.207843137,0.564705882,96846.61147,-3.20E-16,0.184313725,2.551304675,0.768627451,0.105643822,0.36403288,0.341176471,0.109803922,0.658823529,0.077165064,0.386190978,0.543652538,96846.61147,1,0.016623534,1,0,0,0,0,1,0,-3.20E-16,0,1,1,1,1,0,0,0,1,1,-3.20E-16,1,1,2,-3.20E-16,0,8753.25,1,0,1,28938.71492,28938.71492,28938.71492,1,4.190101265,1990.379423,0.229994464,0.013479977,23390.17108,0.484293802,0.484293802,0.484293802,2,1,0,1,1.05528E+11,1.05528E+11,1.05528E+11,1,1,0.5,9.52E-12,9.52E-12,9.52E-12,1,3.08E-06,113379904,2
7C69C012-7479-493F-8722-ABC29C60A2DD.jpeg,0.133333333,0.384313725,36477.75962,-3.20E-16,0.133333333,3.411164459,0.666666667,0.07834675,0.247297096,0.231372549,0.035294118,0.631372549,0.055157891,0.266213345,0.764544629,36477.75962,1,0.009713691,1,0,0,0,0,1,0,-3.20E-16,0,1,1,1,1,0,0,0,1,1,-3.20E-16,1,1,2,-3.20E-16,0,6982.75,1,0,1,30024.40014,30024.40014,30024.40014,1,4.018949998,1563.619973,0.230454884,0.013566193,24143.00881,0.475651705,0.475651705,0.475651705,2,1,0,1,67912471075,67912471075,67912471075,1,1,0.5,1.63E-11,1.63E-11,1.63E-11,1,3.89E-06,1679073552,2
80446565-E090-4187-A031-9D3CEAA586C8.jpeg,0.309803922,0.670588235,48834.68901,-3.20E-16,0.203921569,2.299917383,0.776470588,0.111016973,0.503714574,0.51372549,0.133333333,0.643137255,0.083503938,0.521062327,-0.35895794,48834.68901,1,0.017777577,1,0,0,0,0,1,0,-3.20E-16,0,1,1,1,1,0,0,0,1,1,-3.20E-16,1,1,2,-3.20E-16,0,3757.75,1,0,1,10527.5868,10527.5868,10527.5868,1,4.10292607,771.9559691,0.206820688,0.020891942,8216.54253,0.441462721,0.441462721,0.441462721,2,1,0,1,8096795114,8096795114,8096795114,1,1,0.5,1.24E-10,1.24E-10,1.24E-10,1,1.11E-05,8850625,2
85E52EB3-56E9-4D67-82DA-DEA247C82886.jpeg,0.298039216,0.596078431,77678.08466,-3.20E-16,0.160784314,2.609387427,0.823529412,0.092639539,0.443904642,0.443137255,0.152941176,0.670588235,0.067374462,0.458202227,0.194632504,77678.08466,1,0.01289795,1,0,0,0,0,1,0,-3.20E-16,0,1,1,1,1,0,0,0,1,1,-3.20E-16,1,1,2,-3.20E-16,0,5707.25,1,0,1,21087.25036,21087.25036,21087.25036,1,4.045776641,1302.749993,0.232786633,0.015425625,16714.2956,0.485411164,0.485411164,0.485411164,2,1,0,1,35061978519,35061978519,35061978519,1,1,0.5,3.15E-11,3.15E-11,3.15E-11,1,5.41E-06,839753462.3,2
93FE0BB1-022D-4F24-9727-987A07975FFB.jpeg,0.262745098,0.556862745,101052.6896,-3.20E-16,0.156862745,2.872581906,0.835294118,0.093431684,0.398050635,0.384313725,0.125490196,0.709803922,0.068170501,0.414348741,0.532936514,101052.6896,1,0.01324057,1,0,0,0,0,1,0,-3.20E-16,0,1,1,1,1,0,0,0,1,1,-3.20E-16,1,1,2,-3.20E-16,0,7624.5,1,0,1,31442.14851,31442.14851,31442.14851,1,4.181719965,1748.386429,0.233359098,0.012953751,25357.82052,0.48559258,0.48559258,0.48559258,2,1,0,1,87948089109,87948089109,87948089109,1,1,0.5,1.21E-11,1.21E-11,1.21E-11,1,3.40E-06,1337364900,2
9fdd3c3032296fd04d2cad5d9070d4_jumbo.jpeg,72,142,3802594818,2.128911793,42,2.10470712,173,22.0455109,106.9966292,108,40,133,17.03299851,110.1211392,-0.013836426,3802594818,0.248346381,678.386645,15.36493723,45.33139836,-0.032382217,4.521757228,0.088032648,0.961802478,0.088032648,0.428281756,0.080107114,0.955983676,0.955983676,0.997620739,0.987423907,-0.765306107,0.979967031,0.088032648,3.775778102,0.21193504,2.608359822,0.966780241,0.284631675,7.551556204,2.520327174,1.152447469,6950.440669,0.213937194,1.575392876,16.94009846,342.8505963,5418.452709,29.40577647,0.098992609,6.51678262,3753.7427,0.114042681,0.103550848,244.6448837,0.311503894,5.846714043,0.029138729,427.6143476,0.205880764,1.714588256,16.74000963,5138128.615,76078964.72,435000.3015,0.115998903,303.8204141,0.146278485,0.369458797,6.27114968,0.038591136,6.030694337,0.006623657,5115335.466,2
all14238-fig-0001-m-b.jpg,67,134,1271646938,2.14647467,38,2.55067016,224,21.35575657,100.3099184,100,24,200,15.74942633,103.610295,0.061362617,1271646938,0.254413944,673.0135009,21.4570997,51.14764873,0.150869654,4.459092088,0.132803022,0.942140943,0.131758431,0.56263028,0.114981083,0.934289443,0.934225243,0.99838145,0.986833554,-0.686509454,0.972692981,0.130895789,4.51392468,0.19742514,2.806441921,0.944210926,0.279241885,9.027849359,2.669936022,1.147973778,4396.04343,0.235679661,1.387101578,23.04151835,95.40692504,2067.448073,5.542537133,0.058346403,6.165057869,1990.34598,0.105148081,0.157605713,52.91920619,0.285324343,7.382846419,0.014943787,183.3526971,0.190199893,2.096847506,26.27385892,1094017.823,22234720.89,60212.53675,0.058953319,97.70954357,0.101358448,0.300723898,8.820166395,0.015245625,6.713874607,0.008137974,1078918.155,2
all14238-fig-0001-m-c.jpg,62,124,1002619589,2.048309216,35,2.757409181,205,19.69880525,93.74768705,94,26,179,14.44829895,96.79747479,0.135418626,1002619589,0.275193046,581.1222997,11.47102364,40.54093595,0.732490689,3.837886982,0.136457401,0.931319152,0.13571982,0.572417578,0.117540617,0.932262417,0.932213848,0.997901674,0.984928201,-0.665693684,0.965579452,0.135080129,3.247407873,0.213027456,2.712128981,0.932284681,0.307113248,6.494815746,2.573163213,0.993586096,4351.657714,0.250402214,1.235402757,13.06921009,89.13430181,1000.459294,12.29017893,0.133268881,6.028249825,1904.764015,0.108244054,0.162362391,49.23224746,0.290688138,4.423197748,0.033917902,190.8773784,0.201773127,1.860080723,15.75264271,888678.1184,9551550.554,98169.89757,0.143416277,100.384778,0.106114987,0.316965476,5.365574535,0.039749004,6.672501082,0.008840626,875883.3041,2
auntminnie-a-2020_01_28_23_51_6665_2020_01_28_Vietnam_coronavirus.jpeg,0.290493725,0.588532941,28928.5031,-3.20E-16,0.152941176,3.888575488,0.921300784,0.094109933,0.412712618,0.376768235,0.250712549,0.670588235,0.065545963,0.4292911,1.139884494,28928.5031,1,0.013959143,1,0,0,0,0,1,0,-3.20E-16,0,1,1,1,1,0,0,0,1,1,-3.20E-16,1,1,2,-3.20E-16,0,3806.75,1,0,1,8422.241216,8422.241216,8422.241216,1,4.018814594,824.4390484,0.217435426,0.02425114,6717.24246,0.468274825,0.468274825,0.468274825,2,1,0,1,6264725557,6264725557,6264725557,1,1,0.5,1.71E-10,1.71E-10,1.71E-10,1,1.27E-05,104673361,2
auntminnie-b-2020_01_28_23_51_6665_2020_01_28_Vietnam_coronavirus.jpeg,0.278163529,0.780124314,49236.58321,-3.20E-16,0.305882353,2.218135221,0.965271373,0.159858002,0.489798158,0.455199608,0.247624314,0.717647059,0.125907717,0.524144119,0.576067626,49236.58321,1,0.034824822,1,0,0,0,0,1,0,-3.20E-16,0,1,1,1,1,0,0,0,1,1,-3.20E-16,1,1,2,-3.20E-16,0,4860.5,1,0,1,7660.791357,7660.791357,7660.791357,1,3.902891945,1138.410083,0.233989801,0.027120299,6299.119497,0.487234985,0.487234985,0.487234985,2,1,0,1,8229722056,8229722056,8229722056,1,1,0.5,1.34E-10,1.34E-10,1.34E-10,1,1.12E-05,199769956,2
auntminnie-c-2020_01_28_23_51_6665_2020_01_28_Vietnam_coronavirus.jpeg,0.278163529,0.608140784,38825.00139,-3.20E-16,0.160784314,4.676968102,0.980957647,0.104440191,0.417342591,0.380689804,0.254634118,0.726323529,0.070020942,0.438941214,1.348872353,38825.00139,1,0.018494551,1,0,0,0,0,1,0,-3.20E-16,0,1,1,1,1,0,0,0,1,1,-3.20E-16,1,1,2,-3.20E-16,0,4591.5,1,0,1,9914.442791,9914.442791,9914.442791,1,4.079443815,1016.821097,0.221554079,0.022785357,7987.310272,0.473898413,0.473898413,0.473898413,2,1,0,1,11059819141,11059819141,11059819141,1,1,0.5,1.29E-10,1.29E-10,1.29E-10,1,9.93E-06,908148360.3,2
auntminnie-d-2020_01_28_23_51_6665_2020_01_28_Vietnam_coronavirus.jpeg,0.301692941,0.710101569,70738.27109,-3.20E-16,0.22745098,2.488375464,0.909536078,0.125024827,0.48428429,0.459121176,0.255467451,0.654068627,0.093145999,0.507437866,0.580941617,70738.27109,1,0.022961914,1,0,0,0,0,1,0,-3.20E-16,0,1,1,1,1,0,0,0,1,1,-3.20E-16,1,1,2,-3.20E-16,0,6287.75,1,0,1,10232.04815,10232.04815,10232.04815,1,3.990918184,1442.439901,0.231111382,0.022887933,8311.941397,0.484667862,0.484667862,0.484667862,2,1,0,1,18895294581,18895294581,18895294581,1,1,0.5,5.32E-11,5.32E-11,5.32E-11,1,7.28E-06,27662340.25,2
CD50BA96-6982-4C80-AE7B-5F67ACDBFA56.jpeg,0.305882353,0.749019608,196231.8274,-3.20E-16,0.250980392,2.177435328,0.937254902,0.138768446,0.522647228,0.509803922,0.164705882,0.77254902,0.105344412,0.548029327,0.178648033,196231.8274,1,0.027176019,1,0,0,0,0,1,0,-3.20E-16,0,1,1,1,1,0,0,0,1,1,-3.20E-16,1,1,2,-3.20E-16,0,7238,1,0,1,40399.72138,40399.72138,40399.72138,1,4.172519136,1598.602824,0.225720023,0.011077882,31781.81219,0.477187942,0.477187942,0.477187942,2,1,0,1,1.07423E+11,1.07423E+11,1.07423E+11,1,1,0.5,9.56E-12,9.56E-12,9.56E-12,1,3.06E-06,698544900,2
ciaa199.pdf-001-a.png,0.101960784,0.31372549,1262.549681,-3.20E-16,0.109803922,4.337478055,0.756862745,0.066277794,0.201070581,0.192156863,0,0.756862745,0.046403885,0.218265409,0.830774801,1262.549681,1,0.00721041,1,0,0,0,0,1,0,-3.20E-16,0,1,1,1,1,0,0,0,1,1,-3.20E-16,1,1,2,-3.20E-16,0,501.5,1,0,1,5393.423723,5393.423723,5393.423723,1,6.165026271,9.901410953,0.018556273,0.0189231,1634.198511,0.03856951,0.03856951,0.03856951,2,1,0,1,183507597,183507597,183507597,1,1,0.5,6.53E-09,6.53E-09,6.53E-09,1,7.55E-05,7918596,2
ciaa199.pdf-001-b.png,0.105882353,0.333333333,2191.989373,-3.20E-16,0.117647059,4.247889947,0.796078431,0.071986067,0.213659634,0.203921569,0,0.796078431,0.049114915,0.232923022,0.821071462,2191.989373,1,0.008602695,1,0,0,0,0,1,0,-3.20E-16,0,1,1,1,1,0,0,0,1,1,-3.20E-16,1,1,2,-3.20E-16,0,531.25,1,0,1,10093.05085,10093.05085,10093.05085,1,6.436659438,8.423990661,0.01564668,0.013148776,2353.760412,0.030414936,0.030414936,0.030414936,2,1,0,1,410999108.5,410999108.5,410999108.5,1,1,0.5,2.50E-09,2.50E-09,2.50E-09,1,4.95E-05,2898506.25,2
ciaa199.pdf-001-c.png,0.039215686,0.278431373,1216.003922,-3.20E-16,0.129411765,3.748471158,0.729411765,0.074283233,0.156583688,0.149019608,0,0.729411765,0.054165586,0.182185355,0.696941151,1216.003922,1,0.008673052,1,0,0,0,0,1,0,-3.20E-16,0,1,1,1,1,0,0,0,1,1,-3.20E-16,1,1,2,-3.20E-16,0,554.25,1,0,1,8027.38216,8027.38216,8027.38216,1,6.404027711,8.970861193,0.015894584,0.015128562,2311.058481,0.04104261,0.04104261,0.04104261,2,1,0,1,340885224,340885224,340885224,1,1,0.5,3.13E-09,3.13E-09,3.13E-09,1,5.46E-05,5336100,2
covid-19-infection-exclusive-gastrointestinal-symptoms-pa.png,0.31372549,0.62745098,75352.64783,-3.20E-16,0.160784314,3.215211402,0.905882353,0.096677047,0.453394674,0.435294118,0.152941176,0.752941176,0.068245382,0.469327385,0.724326051,75352.64783,1,0.014701464,1,0,0,0,0,1,0,-3.20E-16,0,1,1,1,1,0,0,0,1,1,-3.20E-16,1,1,2,-3.20E-16,0,1658.25,1,0,1,74109.06123,74109.06123,74109.06123,1,7.685240479,14.31500844,0.008613959,0.004847338,17489.00044,0.011418938,0.011418938,0.011418938,2,1,0,1,29468731563,29468731563,29468731563,1,1,0.5,3.49E-11,3.49E-11,3.49E-11,1,5.85E-06,211484306.3,2
covid-19-pneumonia-12.jpg,0.298039216,0.6,295455.1984,-3.20E-16,0.160784314,3.100829315,0.882352941,0.095464331,0.448955739,0.450980392,0,0.882352941,0.066762562,0.464720655,-0.030870739,295455.1984,1,0.014404031,1,0,0,0,0,1,0,-3.20E-16,0,1,1,1,1,0,0,0,1,1,-3.20E-16,1,1,2,-3.20E-16,0,12884.75,1,0,1,64969.7368,64969.7368,64969.7368,1,4.213020919,2995.20493,0.236534201,0.009418209,53425.03247,0.485982639,0.485982639,0.485982639,2,1,0,1,4.69148E+11,4.69148E+11,4.69148E+11,1,1,0.5,2.15E-12,2.15E-12,2.15E-12,1,1.46E-06,1245595849,2
covid-19-pneumonia-14-PA.png,0.254901961,0.737254902,494453.2773,-3.20E-16,0.274509804,2.424529584,1,0.150190841,0.486085213,0.478431373,0.098039216,0.901960784,0.112649286,0.518742878,0.351629954,494453.2773,1,0.032815339,1,0,0,0,0,1,0,-3.20E-16,0,1,1,1,1,0,0,0,1,1,-3.20E-16,1,1,2,-3.20E-16,0,4088.5,1,0,1,395950.6147,395950.6147,395950.6147,1,8.5403807,25.24552212,0.006167664,0.002225067,125579.1156,0.004795604,0.004795604,0.004795604,2,1,0,1,8.46549E+11,8.46549E+11,8.46549E+11,1,1,0.5,1.20E-12,1.20E-12,1.20E-12,1,1.09E-06,2472128120,2
covid-19-pneumonia-19.jpg,0.211764706,0.501960784,37118.80131,-3.20E-16,0.160784314,2.242322162,0.674509804,0.089008035,0.355182498,0.352941176,0.08627451,0.588235294,0.067225562,0.370846274,0.027997243,37118.80131,1,0.011372352,1,0,0,0,0,1,0,-3.20E-16,0,1,1,1,1,0,0,0,1,1,-3.20E-16,1,1,2,-3.20E-16,0,5363.25,1,0,1,13190.09196,13190.09196,13190.09196,1,4.031948658,1240.639077,0.233855466,0.019871101,10638.77768,0.488370538,0.488370538,0.488370538,2,1,0,1,18924609002,18924609002,18924609002,1,1,0.5,6.18E-11,6.18E-11,6.18E-11,1,7.41E-06,712836601,2
covid-19-pneumonia-2.jpg,0.17254902,0.623529412,54864.2064,-3.20E-16,0.243137255,2.481983506,0.823529412,0.1379042,0.384445197,0.37254902,0,0.823529412,0.100090002,0.419800675,0.261397666,54864.2064,1,0.028434497,1,0,0,0,0,1,0,-3.20E-16,0,1,1,1,1,0,0,0,1,1,-3.20E-16,1,1,2,-3.20E-16,0,5405.25,1,0,1,17022.10453,17022.10453,17022.10453,1,3.905264389,1234.067375,0.232878199,0.017362528,13556.56594,0.475673183,0.475673183,0.475673183,2,1,0,1,24231546865,24231546865,24231546865,1,1,0.5,4.13E-11,4.13E-11,4.13E-11,1,6.42E-06,1978242.25,2
covid-19-pneumonia-28.png,0.415686275,0.701960784,77517.8243,-3.20E-16,0.149019608,2.605804196,0.862745098,0.086672719,0.544010607,0.529411765,0.317647059,0.545098039,0.06279039,0.554310814,0.512063412,77517.8243,1,0.011312938,1,0,0,0,0,1,0,-3.20E-16,0,1,1,1,1,0,0,0,1,1,-3.20E-16,1,1,2,-3.20E-16,0,1384.5,1,0,1,58332.19588,58332.19588,58332.19588,1,7.497969314,13.80480094,0.009789529,0.005487798,15441.75216,0.017777804,0.017777804,0.017777804,2,1,0,1,16771405249,16771405249,16771405249,1,1,0.5,7.40E-11,7.40E-11,7.40E-11,1,7.93E-06,859222656.3,2
covid-19-pneumonia-30-PA.jpg,0.08627451,0.666666667,703640.937,-3.20E-16,0.337254902,2.10358843,0.929411765,0.179093934,0.371827792,0.360784314,0,0.929411765,0.136837374,0.428304808,0.145620025,703640.937,1,0.045189102,1,0,0,0,0,1,0,-3.20E-16,0,1,1,1,1,0,0,0,1,1,-3.20E-16,1,1,2,-3.20E-16,0,20950.75,1,0,1,195197.5939,195197.5939,195197.5939,1,4.450365015,4805.920002,0.235407123,0.005462034,159294.0717,0.488145672,0.488145672,0.488145672,2,1,0,1,3.67983E+12,3.67983E+12,3.67983E+12,1,1,0.5,2.72E-13,2.72E-13,2.72E-13,1,5.21E-07,1667619732,2
covid-19-pneumonia-7-PA.jpg,0.207843137,0.478431373,218127.4797,-3.20E-16,0.149019608,2.396085249,0.674509804,0.08277771,0.332368208,0.321568627,0.117647059,0.556862745,0.062410412,0.347111402,0.389123123,218127.4797,1,0.0100177,1,0,0,0,0,1,0,-3.20E-16,0,1,1,1,1,0,0,0,1,1,-3.20E-16,1,1,2,-3.20E-16,0,14837.25,1,0,1,84703.91878,84703.91878,84703.91878,1,4.276057893,3462.232168,0.240089083,0.008195601,68894.97587,0.492543752,0.492543752,0.492543752,2,1,0,1,8.20696E+11,8.20696E+11,8.20696E+11,1,1,0.5,1.23E-12,1.23E-12,1.23E-12,1,1.10E-06,1316310961,2
covid-19-pneumonia-evolution-over-a-week-1-day0-PA.jpg,0.282352941,0.588235294,11487.30713,-3.20E-16,0.164705882,3.011322255,0.870588235,0.096363409,0.42625764,0.411764706,0.109803922,0.760784314,0.068823684,0.44274044,0.545544458,11487.30713,1,0.014323521,1,0,0,0,0,1,0,-3.20E-16,0,1,1,1,1,0,0,0,1,1,-3.20E-16,1,1,2,-3.20E-16,0,2297,1,0,1,3067.16966,3067.16966,3067.16966,1,3.676957241,545.0141,0.236975787,0.039195946,2414.918933,0.490968379,0.490968379,0.490968379,2,1,0,1,865529034.5,865529034.5,865529034.5,1,1,0.5,1.19E-09,1.19E-09,1.19E-09,1,3.41E-05,6951132.25,2
covid-19-pneumonia-rapidly-progressive-12-hours.jpg,0.37254902,0.615686275,72074.62808,-3.20E-16,0.133333333,2.938958365,0.88627451,0.077307334,0.486006401,0.474509804,0.184313725,0.701960784,0.055255166,0.495338708,0.410971947,72074.62808,1,0.009158214,1,0,0,0,0,1,0,-3.20E-16,0,1,1,1,1,0,0,0,1,1,-3.20E-16,1,1,2,-3.20E-16,0,5852,1,0,1,13957.96842,13957.96842,13957.96842,1,3.916867592,1397.6453,0.241272504,0.019921702,11405.3722,0.497774719,0.497774719,0.497774719,2,1,0,1,21708174589,21708174589,21708174589,1,1,0.5,4.72E-11,4.72E-11,4.72E-11,1,6.81E-06,135908964,2
covid-19-pneumonia-rapidly-progressive-3-days.jpg,0.407843137,0.611764706,87682.14985,-3.20E-16,0.11372549,2.832129957,0.741176471,0.063919795,0.509728015,0.509803922,0.2,0.541176471,0.047110699,0.515769984,-0.240522443,87682.14985,1,0.006196027,1,0,0,0,0,1,0,-3.20E-16,0,1,1,1,1,0,0,0,1,1,-3.20E-16,1,1,2,-3.20E-16,0,6577,1,0,1,13902.07622,13902.07622,13902.07622,1,3.988945931,1556.024898,0.237793049,0.019953945,11366.49371,0.494553483,0.494553483,0.494553483,2,1,0,1,27172113841,27172113841,27172113841,1,1,0.5,3.69E-11,3.69E-11,3.69E-11,1,6.07E-06,11590620.25,2
covid-19-pneumonia-rapidly-progressive-admission.jpg,0.368627451,0.631372549,85405.74138,-3.20E-16,0.145098039,2.323697898,0.780392157,0.080825081,0.488984859,0.474509804,0.219607843,0.560784314,0.061166153,0.498570337,0.244675572,85405.74138,1,0.009466188,1,0,0,0,0,1,0,-3.20E-16,0,1,1,1,1,0,0,0,1,1,-3.20E-16,1,1,2,-3.20E-16,0,6027.25,1,0,1,17317.67603,17317.67603,17317.67603,1,4.038262484,1365.092971,0.229882742,0.017542238,13997.7599,0.480414197,0.480414197,0.480414197,2,1,0,1,29838267037,29838267037,29838267037,1,1,0.5,3.50E-11,3.50E-11,3.50E-11,1,5.82E-06,325603980.3,2
covid-19-rapidly-progressive-acute-respiratory-distress-syndrome-ards-admission.jpg,0.321568627,0.576470588,48339.04997,-3.20E-16,0.129411765,2.481968496,0.71372549,0.075562653,0.461660432,0.470588235,0.180392157,0.533333333,0.055555554,0.470854737,-0.398265764,48339.04997,1,0.008573829,1,0,0,0,0,1,0,-3.20E-16,0,1,1,1,1,0,0,0,1,1,-3.20E-16,1,1,2,-3.20E-16,0,4845,1,0,1,10914.95563,10914.95563,10914.95563,1,3.857579356,1164.399931,0.242365117,0.022221305,8858.931699,0.49996142,0.49996142,0.49996142,2,1,0,1,11885861914,11885861914,11885861914,1,1,0.5,8.42E-11,8.42E-11,8.42E-11,1,9.17E-06,1155625,2
covid-19-rapidly-progressive-acute-respiratory-distress-syndrome-ards-day-1.jpg,0.28627451,0.537254902,36722.16357,-3.20E-16,0.121568627,2.55326318,0.666666667,0.072524476,0.406102013,0.403921569,0.141176471,0.525490196,0.052340427,0.416007012,0.02131605,36722.16357,1,0.008142989,1,0,0,0,0,1,0,-3.20E-16,0,1,1,1,1,0,0,0,1,1,-3.20E-16,1,1,2,-3.20E-16,0,4812.25,1,0,1,11214.10665,11214.10665,11214.10665,1,3.74934635,1173.088479,0.247172832,0.02267886,9223.856792,0.502813307,0.502813307,0.502813307,2,1,0,1,11594244961,11594244961,11594244961,1,1,0.5,9.73E-11,9.73E-11,9.73E-11,1,9.43E-06,337989840.3,2
covid-19-rapidly-progressive-acute-respiratory-distress-syndrome-ards-day-2.jpg,0.454901961,0.698039216,79685.43591,-3.20E-16,0.137254902,2.398729474,0.843137255,0.075641839,0.56721137,0.552941176,0.325490196,0.517647059,0.056420643,0.574526479,0.345718282,79685.43591,1,0.008351936,1,0,0,0,0,1,0,-3.20E-16,0,1,1,1,1,0,0,0,1,1,-3.20E-16,1,1,2,-3.20E-16,0,4992,1,0,1,12354.13517,12354.13517,12354.13517,1,3.986918415,1148.788605,0.230986506,0.020678342,10012.32671,0.483753794,0.483753794,0.483753794,2,1,0,1,14870371325,14870371325,14870371325,1,1,0.5,7.30E-11,7.30E-11,7.30E-11,1,8.28E-06,300432889,2
E63574A7-4188-4C8D-8D17-9D67A18A1AFA.jpeg,0.164705882,0.356862745,70093.00953,-3.20E-16,0.098039216,4.027515278,0.6,0.060925135,0.25411256,0.243137255,0.039215686,0.560784314,0.04136054,0.26605411,0.826013514,70093.00953,1,0.006211596,1,0,0,0,0,1,0,-3.20E-16,0,1,1,1,1,0,0,0,1,1,-3.20E-16,1,1,2,-3.20E-16,0,9479.5,1,0,1,57752.11511,57752.11511,57752.11511,1,4.148681209,2213.044749,0.239274288,0.009573057,46186.53909,0.49435772,0.49435772,0.49435772,2,1,0,1,2.45358E+11,2.45358E+11,2.45358E+11,1,1,0.5,4.09E-12,4.09E-12,4.09E-12,1,2.02E-06,220775022.3,2
F2DE909F-E19C-4900-92F5-8F435B031AC6.jpeg,0.254901961,0.57254902,39167.46012,-3.20E-16,0.184313725,2.757577546,0.82745098,0.102255878,0.416553609,0.419607843,0.003921569,0.823529412,0.074475545,0.434979851,-0.238654386,39167.46012,1,0.015690562,1,0,0,0,0,1,0,-3.20E-16,0,1,1,1,1,0,0,0,1,1,-3.20E-16,1,1,2,-3.20E-16,0,3966.5,1,0,1,12308.55828,12308.55828,12308.55828,1,4.145209983,810.2432851,0.203912185,0.019161095,9561.174314,0.444120426,0.444120426,0.444120426,2,1,0,1,10831104512,10831104512,10831104512,1,1,0.5,9.65E-11,9.65E-11,9.65E-11,1,9.66E-06,118026496,2
F4341CE7-73C9-45C6-99C8-8567A5484B63.jpeg,0.168627451,0.360784314,77964.96669,-3.20E-16,0.098039216,4.002098801,0.611764706,0.061398929,0.25841958,0.247058824,0.02745098,0.584313725,0.041629736,0.270310464,0.801625307,77964.96669,1,0.006287068,1,0,0,0,0,1,0,-3.20E-16,0,1,1,1,1,0,0,0,1,1,-3.20E-16,1,1,2,-3.20E-16,0,9705.75,1,0,1,62680.20217,62680.20217,62680.20217,1,4.218144938,2213.657661,0.233896316,0.009096102,49998.54171,0.486509646,0.486509646,0.486509646,2,1,0,1,2.84929E+11,2.84929E+11,2.84929E+11,1,1,0.5,3.52E-12,3.52E-12,3.52E-12,1,1.87E-06,294688722.3,2
F63AB6CE-1968-4154-A70F-913AF154F53D.jpeg,0.262745098,0.631372549,250686.9359,-3.20E-16,0.215686275,2.533642592,0.952941176,0.118298643,0.464430999,0.482352941,0.050980392,0.901960784,0.087904691,0.485984505,-0.400775522,250686.9359,1,0.020484786,1,0,0,0,0,1,0,-3.20E-16,0,1,1,1,1,0,0,0,1,1,-3.20E-16,1,1,2,-3.20E-16,0,10256.75,1,0,1,58975.96287,58975.96287,58975.96287,1,4.185500437,2378.285145,0.23663119,0.009663243,47938.59117,0.481916951,0.481916951,0.481916951,2,1,0,1,2.82557E+11,2.82557E+11,2.82557E+11,1,1,0.5,3.58E-12,3.58E-12,3.58E-12,1,1.88E-06,904174830.3,2
FE9F9A5D-2830-46F9-851B-1FF4534959BE.jpeg,0.152941176,0.556862745,21402.66824,-3.20E-16,0.219607843,2.696353452,0.796078431,0.12530135,0.332569349,0.305882353,0.070588235,0.725490196,0.091619553,0.365967783,0.646262954,21402.66824,1,0.023330046,1,0,0,0,0,1,0,-3.20E-16,0,1,1,1,1,0,0,0,1,1,-3.20E-16,1,1,2,-3.20E-16,0,3235,1,0,1,10643.37252,10643.37252,10643.37252,1,4.117072573,638.3823878,0.199531757,0.020243802,8152.042193,0.432685409,0.432685409,0.432685409,2,1,0,1,6480739730,6480739730,6480739730,1,1,0.5,1.64E-10,1.64E-10,1.64E-10,1,1.25E-05,96569929,2
figure1-5e71be566aa8714a04de3386-98-left.jpeg,0.532462353,0.713122353,206325.2928,-3.20E-16,0.091305098,3.136426043,0.902787059,0.055555227,0.625768263,0.629363529,0.339204314,0.563582745,0.038244992,0.629733554,-0.077423248,206325.2928,1,0.00497843,1,0,0,0,0,1,0,-3.20E-16,0,1,1,1,1,0,0,0,1,1,-3.20E-16,1,1,2,-3.20E-16,0,7226.25,1,0,1,29032.52651,29032.52651,29032.52651,1,3.999193702,1841.90057,0.257660981,0.013889102,23804.44821,0.517564652,0.517564652,0.517564652,2,1,0,1,72771585485,72771585485,72771585485,1,1,0.5,1.86E-11,1.86E-11,1.86E-11,1,3.84E-06,5098245604,2
figure1-5e75d0940b71e1b702629659-98-right.jpeg,0.168627451,0.545098039,56633.02359,-3.20E-16,0.2,3.169074338,0.921568627,0.118512551,0.339316699,0.309803922,0.031372549,0.890196078,0.084394565,0.369890793,0.740923929,56633.02359,1,0.021683376,1,0,0,0,0,1,0,-3.20E-16,0,1,1,1,1,0,0,0,1,1,-3.20E-16,1,1,2,-3.20E-16,0,6717.75,1,0,1,20805.51818,20805.51818,20805.51818,1,3.987236049,1576.077126,0.237360229,0.01622935,16968.083,0.490579954,0.490579954,0.490579954,2,1,0,1,43276659578,43276659578,43276659578,1,1,0.5,2.41E-11,2.41E-11,2.41E-11,1,4.83E-06,442976209,2
gr1_lrg-a.jpg,0.240274902,0.587812549,23433.90384,-3.20E-16,0.153163529,3.839432501,0.706828627,0.105417615,0.429830852,0.455900784,0,0.706828627,0.066736911,0.451860467,-0.955589129,23433.90384,1,0.01942332,1,0,0,0,0,1,0,-3.20E-16,0,1,1,1,1,0,0,0,1,1,-3.20E-16,1,1,2,-3.20E-16,0,2987.25,1,0,1,6799.815876,6799.815876,6799.815876,1,3.833630198,699.2360403,0.238203589,0.02602769,5276.568064,0.4978662,0.4978662,0.4978662,2,1,0,1,3293176405,3293176405,3293176405,1,1,0.5,3.04E-10,3.04E-10,3.04E-10,1,1.74E-05,23409,2
gr1_lrg-b.jpg,0.400188235,0.603498824,43135.77121,-3.20E-16,0.109215686,2.701942079,0.733706275,0.061674762,0.502483658,0.502959608,0.281462745,0.452243529,0.044233025,0.508370343,0.186015084,43135.77121,1,0.005950579,1,0,0,0,0,1,0,-3.20E-16,0,1,1,1,1,0,0,0,1,1,-3.20E-16,1,1,2,-3.20E-16,0,3649,1,0,1,9994.859595,9994.859595,9994.859595,1,3.943914858,799.1433789,0.222523313,0.021862343,7830.542637,0.473500369,0.473500369,0.473500369,2,1,0,1,7071361672,7071361672,7071361672,1,1,0.5,1.50E-10,1.50E-10,1.50E-10,1,1.20E-05,106791556,2
kjr-21-e24-g001-l-a.jpg,0.31372549,0.674509804,6592.197662,-3.20E-16,0.196078431,2.343977271,0.815686275,0.109685499,0.501491861,0.509803922,0.133333333,0.682352941,0.081959174,0.518771834,-0.223648359,6592.197662,1,0.017630129,1,0,0,0,0,1,0,-3.20E-16,0,1,1,1,1,0,0,0,1,1,-3.20E-16,1,1,2,-3.20E-16,0,1583.75,1,0,1,1139.431903,1139.431903,1139.431903,1,3.440438854,400.5100527,0.249408898,0.064656052,897.9921747,0.504819351,0.504819351,0.504819351,2,1,0,1,152178356.5,152178356.5,152178356.5,1,1,0.5,6.96E-09,6.96E-09,6.96E-09,1,8.16E-05,2177100.25,2
kjr-21-e24-g002-l-a.jpg,0.356862745,0.698039216,8976.975902,-3.20E-16,0.196078431,2.209804674,0.862745098,0.105209146,0.526019361,0.525490196,0.203921569,0.658823529,0.079926326,0.540916556,-0.050588518,8976.975902,1,0.015894353,1,0,0,0,0,1,0,-3.20E-16,0,1,1,1,1,0,0,0,1,1,-3.20E-16,1,1,2,-3.20E-16,0,1680.25,1,0,1,1560.947919,1560.947919,1560.947919,1,3.507342603,394.8129877,0.234670214,0.054765164,1226.239262,0.485293838,0.485293838,0.485293838,2,1,0,1,240752852.5,240752852.5,240752852.5,1,1,0.5,4.55E-09,4.55E-09,4.55E-09,1,6.52E-05,5421912.25,2
kjr-21-e24-g003-l-a.jpg,0.309803922,0.635294118,15648.1178,-3.20E-16,0.180392157,2.688813375,0.843137255,0.10103867,0.465413567,0.454901961,0,0.843137255,0.075191123,0.48140257,0.234040366,15648.1178,1,0.015138646,1,0,0,0,0,1,0,-3.20E-16,0,1,1,1,1,0,0,0,1,1,-3.20E-16,1,1,2,-3.20E-16,0,2553.25,1,0,1,3360.200253,3360.200253,3360.200253,1,3.656634323,602.1435983,0.235512219,0.037813601,2658.058127,0.485630984,0.485630984,0.485630984,2,1,0,1,1149733922,1149733922,1149733922,1,1,0.5,9.01E-10,9.01E-10,9.01E-10,1,2.96E-05,9928801,2
kjr-21-e25-g001-l-a.jpg,58,145,837003279,2.449458488,50,2.696488278,215,27.91375715,98.82687248,96,32,183,20.84163911,104.4161821,0.495245908,837003279,0.207221645,1135.988354,13.50939202,140.5103462,8.517425579,7.248776215,0.123030184,0.96658958,0.12301668,0.535803709,0.107561725,0.938493911,0.938493011,0.998107246,0.98633163,-0.736209397,0.985655,0.123004864,3.424600819,0.166056189,3.062879671,0.968878947,0.234608963,6.849201639,2.939773515,1.8429516,2172.342779,0.184507466,2.281380075,16.7943571,106.5363981,1300.684653,17.50909922,0.137484581,6.448053827,1351.090172,0.113645076,0.153582128,62.28207862,0.312050427,6.209847583,0.03908438,100.8623853,0.154223831,3.184262455,20.05198777,645769,7253376.792,87252.41569,0.15947646,87.08868502,0.133163127,0.359523465,7.64717849,0.04929694,6.522044836,0.008518953,631989.6864,2
lancet-case2a.jpg,0.329977255,0.490493725,85343.83064,-3.20E-16,0.08684,8.372776442,1,0.051950525,0.409598609,0.407575294,0.162733725,0.837266275,0.035930995,0.415274055,0.852008841,85343.83064,1,0.00468152,1,0,0,0,0,1,0,-3.20E-16,0,1,1,1,1,0,0,0,1,1,-3.20E-16,1,1,2,-3.20E-16,0,7900.5,1,0,1,23407.63855,23407.63855,23407.63855,1,3.992397305,1855.132337,0.238235866,0.015964379,19409.281,0.490974382,0.490974382,0.490974382,2,1,0,1,63180184595,63180184595,63180184595,1,1,0.5,1.80E-11,1.80E-11,1.80E-11,1,4.04E-06,1952888672,2
lancet-case2b.jpg,0.329977255,0.494415294,97673.31774,-3.20E-16,0.082352941,3.177792945,0.666964314,0.050784195,0.415473752,0.41934,0.166655294,0.50030902,0.035266144,0.420460278,-0.14554702,97673.31774,1,0.004168407,1,0,0,0,0,1,0,-3.20E-16,0,1,1,1,1,0,0,0,1,1,-3.20E-16,1,1,2,-3.20E-16,0,8708.75,1,0,1,24811.14982,24811.14982,24811.14982,1,3.999595587,2105.428563,0.245406451,0.015762672,20707.71126,0.50232285,0.50232285,0.50232285,2,1,0,1,77610013416,77610013416,77610013416,1,1,0.5,1.38E-11,1.38E-11,1.38E-11,1,3.62E-06,1298160900,2
nCoV-radiol.2020200269.fig1-day7.jpeg,0.364705882,0.674509804,37249.89613,-3.20E-16,0.180392157,2.43474456,0.890196078,0.098501882,0.514571171,0.505882353,0.192156863,0.698039216,0.073301654,0.528064457,0.193594992,37249.89613,1,0.01406858,1,0,0,0,0,1,0,-3.20E-16,0,1,1,1,1,0,0,0,1,1,-3.20E-16,1,1,2,-3.20E-16,0,3699.75,1,0,1,6885.884537,6885.884537,6885.884537,1,3.772200284,877.0117906,0.239601042,0.027696264,5565.825622,0.49012595,0.49012595,0.49012595,2,1,0,1,4505613385,4505613385,4505613385,1,1,0.5,2.31E-10,2.31E-10,2.31E-10,1,1.50E-05,44508912.25,2
nejmc2001573_f1a.jpeg,0.289928235,0.41990549,57473.15462,-3.20E-16,0.063310588,3.417140045,0.557160392,0.040129061,0.344999737,0.336987059,0.250712549,0.306447843,0.029118903,0.348638555,0.848869774,57473.15462,1,0.002524024,1,0,0,0,0,1,0,-3.20E-16,0,1,1,1,1,0,0,0,1,1,-3.20E-16,1,1,2,-3.20E-16,0,7039.25,1,0,1,25238.79722,25238.79722,25238.79722,1,4.010997143,1665.635832,0.240976591,0.014887171,20515.60833,0.490181642,0.490181642,0.490181642,2,1,0,1,57615753521,57615753521,57615753521,1,1,0.5,1.96E-11,1.96E-11,1.96E-11,1,4.23E-06,1721337121,2
nejmc2001573_f1b.jpeg,0.270320392,0.408140784,65753.11907,-3.20E-16,0.067232157,6.804983609,0.73363098,0.043482529,0.331850882,0.317944706,0.242869412,0.490761569,0.029116757,0.33694491,1.55045307,65753.11907,1,0.003406864,1,0,0,0,0,1,0,-3.20E-16,0,1,1,1,1,0,0,0,1,1,-3.20E-16,1,1,2,-3.20E-16,0,7997.75,1,0,1,29215.67521,29215.67521,29215.67521,1,4.09820573,1863.225211,0.236848058,0.013809224,23847.0292,0.490094294,0.490094294,0.490094294,2,1,0,1,86496686324,86496686324,86496686324,1,1,0.5,1.31E-11,1.31E-11,1.31E-11,1,3.45E-06,2640109924,2
nejmoa2001191_f1-PA.jpeg,0.13530549,0.478163529,33988.79205,-3.20E-16,0.176470588,3.441085243,0.893849804,0.107530427,0.293714137,0.272560392,0.007843137,0.886006667,0.074138082,0.323665182,0.684641333,33988.79205,1,0.018491156,1,0,0,0,0,1,0,-3.20E-16,0,1,1,1,1,0,0,0,1,1,-3.20E-16,1,1,2,-3.20E-16,0,5488,1,0,1,17918.42413,17918.42413,17918.42413,1,3.988037631,1264.750078,0.23383264,0.016914935,14317.81706,0.488002668,0.488002668,0.488002668,2,1,0,1,26452035045,26452035045,26452035045,1,1,0.5,3.86E-11,3.86E-11,3.86E-11,1,6.16E-06,135571092.3,2
nejmoa2001191_f3-PA.jpeg,0.306447843,0.553238824,56936.81532,-3.20E-16,0.129143922,3.782869145,0.996078431,0.075854847,0.419495482,0.407575294,0.231938039,0.764140392,0.054080111,0.430329945,0.815953063,56936.81532,1,0.009207402,1,0,0,0,0,1,0,-3.20E-16,0,1,1,1,1,0,0,0,1,1,-3.20E-16,1,1,2,-3.20E-16,0,5266.75,1,0,1,17251.05876,17251.05876,17251.05876,1,4.012879639,1205.1292,0.232851038,0.017129815,13757.13462,0.483906356,0.483906356,0.483906356,2,1,0,1,23810156187,23810156187,23810156187,1,1,0.5,4.33E-11,4.33E-11,4.33E-11,1,6.50E-06,177089556.3,2
nejmoa2001191_f4.jpeg,0.251545882,0.494415294,109134.2245,-3.20E-16,0.13306549,3.915669892,0.862477255,0.076617977,0.362772193,0.344830196,0.202514902,0.659962353,0.05530552,0.375162849,0.933702246,109134.2245,1,0.009143499,1,0,0,0,0,1,0,-3.20E-16,0,1,1,1,1,0,0,0,1,1,-3.20E-16,1,1,2,-3.20E-16,0,8445.5,1,0,1,44648.92272,44648.92272,44648.92272,1,4.113697388,1975.260394,0.238688045,0.01089191,35877.47671,0.490791489,0.490791489,0.490791489,2,1,0,1,1.51375E+11,1.51375E+11,1.51375E+11,1,1,0.5,6.80E-12,6.80E-12,6.80E-12,1,2.58E-06,1066675600,2
nejmoa2001191_f5-PA.jpeg,0.298604706,0.521866275,49275.75213,-3.20E-16,0.122134118,3.842182901,0.90561451,0.072919616,0.405037572,0.39188902,0.212330196,0.693284314,0.051832377,0.415201513,0.797695361,49275.75213,1,0.008336862,1,0,0,0,0,1,0,-3.20E-16,0,1,1,1,1,0,0,0,1,1,-3.20E-16,1,1,2,-3.20E-16,0,5062.5,1,0,1,16321.63229,16321.63229,16321.63229,1,3.980566832,1137.225874,0.228114077,0.017711267,13035.78923,0.479033872,0.479033872,0.479033872,2,1,0,1,20641810617,20641810617,20641810617,1,1,0.5,5.05E-11,5.05E-11,5.05E-11,1,7.00E-06,216398810.3,2
radiol.2020200490.fig3.jpeg,0.376470588,0.639215686,121087.6399,-3.20E-16,0.145098039,2.73380807,0.835294118,0.082865993,0.5141212,0.517647059,0.204166667,0.631127451,0.059680424,0.524206057,-0.031572634,121087.6399,1,0.010471382,1,0,0,0,0,1,0,-3.20E-16,0,1,1,1,1,0,0,0,1,1,-3.20E-16,1,1,2,-3.20E-16,0,6896.25,1,0,1,23054.26353,23054.26353,23054.26353,1,4.012382455,1575.660409,0.233065743,0.015650105,18809.69761,0.482556241,0.482556241,0.482556241,2,1,0,1,49949196340,49949196340,49949196340,1,1,0.5,2.25E-11,2.25E-11,2.25E-11,1,4.54E-06,1405650064,2
ryct.2020200028.fig1a.jpeg,57,132,53587202452,2.215398007,36,3.380395131,208,22.62930451,89.81184298,85,27,181,15.5991829,94.30185397,0.810690187,53587202452,0.255799109,826.6725232,11.00069937,102.140481,9.445157761,5.541215786,0.070601533,0.974831058,0.070553293,0.366510641,0.065470258,0.964731383,0.964728177,0.998913888,0.992161281,-0.808260142,0.985751261,0.070511182,3.103714349,0.224795295,2.633087856,0.978984471,0.33529786,6.207428697,2.562229079,1.40295433,96858.95733,0.21685311,1.88130517,12.79958881,756.404161,7544.867775,125.8053519,0.174583576,7.201850109,37726.23172,0.082294121,0.074122759,557.3439688,0.261087167,3.653046497,0.045108613,5124.232777,0.197877386,2.159445043,13.26618011,114374714.7,1049277542,15862894.23,0.193535959,3545.82561,0.136925611,0.367262593,4.78194802,0.070972976,6.861795781,0.004297462,114320567.6,2
ryct.2020200034.fig2.jpeg,0.247058824,0.509803922,141703.5202,-3.20E-16,0.137254902,3.061509031,0.788235294,0.08141006,0.36403889,0.345098039,0.141176471,0.647058824,0.059389437,0.377610534,0.679937808,141703.5202,1,0.010065402,1,0,0,0,0,1,0,-3.20E-16,0,1,1,1,1,0,0,0,1,1,-3.20E-16,1,1,2,-3.20E-16,0,9576,1,0,1,57389.88478,57389.88478,57389.88478,1,4.226807976,2163.393524,0.231639663,0.009635887,46025.67507,0.483306346,0.483306346,0.483306346,2,1,0,1,2.49808E+11,2.49808E+11,2.49808E+11,1,1,0.5,4.20E-12,4.20E-12,4.20E-12,1,2.01E-06,2906018556,2
ryct.2020200034.fig5-day0.jpeg,0.215686275,0.611764706,88055.20051,-3.20E-16,0.231372549,2.150187225,0.823529412,0.12456827,0.415004026,0.411764706,0.129411765,0.694117647,0.095597627,0.440493999,0.156777382,88055.20051,1,0.021806621,1,0,0,0,0,1,0,-3.20E-16,0,1,1,1,1,0,0,0,1,1,-3.20E-16,1,1,2,-3.20E-16,0,7174.5,1,0,1,23801.99077,23801.99077,23801.99077,1,3.895837194,1682.782195,0.240728002,0.015809445,19540.60645,0.486440669,0.486440669,0.486440669,2,1,0,1,52775454487,52775454487,52775454487,1,1,0.5,2.09E-11,2.09E-11,2.09E-11,1,4.41E-06,1289348556,2
ryct.2020200034.fig5-day4.jpeg,0.305882353,0.698039216,131184.5159,-3.20E-16,0.219607843,2.866802392,0.862745098,0.123847624,0.514166068,0.533333333,0,0.862745098,0.089286173,0.536255476,-0.502909151,131184.5159,1,0.02320319,1,0,0,0,0,1,0,-3.20E-16,0,1,1,1,1,0,0,0,1,1,-3.20E-16,1,1,2,-3.20E-16,0,6315,1,0,1,27281.87576,27281.87576,27281.87576,1,4.077215068,1459.638453,0.237247769,0.013843129,21827.60902,0.495545299,0.495545299,0.495545299,2,1,0,1,52159933013,52159933013,52159933013,1,1,0.5,1.94E-11,1.94E-11,1.94E-11,1,4.38E-06,134200640.3,2
ryct.2020200034.fig5-day7.jpeg,0.333333333,0.709803922,133050.531,-3.20E-16,0.215686275,2.745382912,0.850980392,0.118910883,0.529820475,0.541176471,0,0.850980392,0.087374828,0.549444677,-0.44396574,133050.531,1,0.021179717,1,0,0,0,0,1,0,-3.20E-16,0,1,1,1,1,0,0,0,1,1,-3.20E-16,1,1,2,-3.20E-16,0,6377.25,1,0,1,25561.82639,25561.82639,25561.82639,1,3.972971313,1559.501857,0.249996599,0.014469875,20584.72597,0.51036302,0.51036302,0.51036302,2,1,0,1,49031002205,49031002205,49031002205,1,1,0.5,2.12E-11,2.12E-11,2.12E-11,1,4.54E-06,471150436,2
